Workbook

Sheet Survey Responses
A1: Gender | B1: Age Group | C1: Industry | D1: Role | E1: Experience | F1: Q1 | G1: Q2 | H1: Q3 | I1: Q4 | J1: Q5 | K1: Q6 | L1: Q7 | M1: Q8 | N1: Q9 | O1: Q10 | P1: Q11 | Q1: Q12 | R1: Q13 | S1: Q14 | T1: Q15 | U1: Q16 | V1: Q17 | W1: Q18 | X1: Q19 | Y1: Q20 | Z1: Technology | AA1: Diagnosis | AB1: Performance
A2: Male | B2: 26-35 | C2: Manufacturing | D2: Analyst | E2: 3-5 years | F2: 4 | G2: 4 | H2: 5 | I2: 2 | J2: 4 | K2: 4 | L2: 5 | M2: 1 | N2: 5 | O2: 2 | P2: 5 | Q2: 4 | R2: 5 | S2: 3 | T2: 3 | U2: 2 | V2: 4 | W2: 4 | X2: 3 | Y2: 3 | Z2: =AVERAGE(F2:H2) -> 4.3333333 | AA2: =AVERAGE(I2:K2) -> 3.3333333 | AB2: =AVERAGE(L2:O2) -> 3.25
A3: Prefer not to say | B3: 46-55 | C3: Government | D3: Nurse | E3: < 1 year | F3: 2 | G3: 5 | H3: 5 | I3: 3 | J3: 3 | K3: 2 | L3: 4 | M3: 5 | N3: 5 | O3: 5 | P3: 5 | Q3: 3 | R3: 4 | S3: 5 | T3: 5 | U3: 4 | V3: 4 | W3: 5 | X3: 5 | Y3: 4 | Z3: =AVERAGE(F3:H3) -> 4 | AA3: =AVERAGE(I3:K3) -> 2.6666667 | AB3: =AVERAGE(L3:O3) -> 4.75
A4: Male | B4: 26-35 | C4: Government | D4: Doctor | E4: 5-10 years | F4: 4 | G4: 5 | H4: 4 | I4: 5 | J4: 1 | K4: 4 | L4: 1 | M4: 3 | N4: 5 | O4: 2 | P4: 5 | Q4: 5 | R4: 4 | S4: 1 | T4: 4 | U4: 5 | V4: 2 | W4: 3 | X4: 2 | Y4: 5 | Z4: =AVERAGE(F4:H4) -> 4.3333333 | AA4: =AVERAGE(I4:K4) -> 3.3333333 | AB4: =AVERAGE(L4:O4) -> 2.75
A5: Female | B5: 56+ | C5: Healthcare | D5: Manager | E5: 5-10 years | F5: 2 | G5: 5 | H5: 5 | I5: 4 | J5: 3 | K5: 5 | L5: 4 | M5: 5 | N5: 5 | O5: 2 | P5: 5 | Q5: 3 | R5: 2 | S5: 5 | T5: 2 | U5: 3 | V5: 1 | W5: 5 | X5: 5 | Y5: 5 | Z5: =AVERAGE(F5:H5) -> 4 | AA5: =AVERAGE(I5:K5) -> 4 | AB5: =AVERAGE(L5:O5) -> 4
A6: Prefer not to say | B6: 46-55 | C6: Pharma | D6: Nurse | E6: 3-5 years | F6: 4 | G6: 5 | H6: 4 | I6: 4 | J6: 4 | K6: 4 | L6: 5 | M6: 1 | N6: 4 | O6: 1 | P6: 4 | Q6: 1 | R6: 4 | S6: 2 | T6: 2 | U6: 2 | V6: 4 | W6: 2 | X6: 5 | Y6: 4 | Z6: =AVERAGE(F6:H6) -> 4.3333333 | AA6: =AVERAGE(I6:K6) -> 4 | AB6: =AVERAGE(L6:O6) -> 2.75
A7: Prefer not to say | B7: 46-55 | C7: Manufacturing | D7: Director | E7: 3-5 years | F7: 3 | G7: 5 | H7: 2 | I7: 4 | J7: 3 | K7: 3 | L7: 3 | M7: 3 | N7: 5 | O7: 4 | P7: 5 | Q7: 5 | R7: 4 | S7: 4 | T7: 4 | U7: 5 | V7: 3 | W7: 5 | X7: 5 | Y7: 5 | Z7: =AVERAGE(F7:H7) -> 3.3333333 | AA7: =AVERAGE(I7:K7) -> 3.3333333 | AB7: =AVERAGE(L7:O7) -> 3.75
A8: Male | B8: 36-45 | C8: Finance | D8: Executive | E8: 1-3 years | F8: 3 | G8: 5 | H8: 2 | I8: 5 | J8: 4 | K8: 5 | L8: 4 | M8: 1 | N8: 1 | O8: 4 | P8: 4 | Q8: 4 | R8: 5 | S8: 3 | T8: 2 | U8: 5 | V8: 1 | W8: 4 | X8: 4 | Y8: 5 | Z8: =AVERAGE(F8:H8) -> 3.3333333 | AA8: =AVERAGE(I8:K8) -> 4.6666667 | AB8: =AVERAGE(L8:O8) -> 2.5
A9: Male | B9: 36-45 | C9: Pharma | D9: Administrator | E9: < 1 year | F9: 1 | G9: 5 | H9: 3 | I9: 4 | J9: 5 | K9: 5 | L9: 2 | M9: 1 | N9: 1 | O9: 5 | P9: 1 | Q9: 5 | R9: 4 | S9: 5 | T9: 5 | U9: 5 | V9: 5 | W9: 4 | X9: 5 | Y9: 2 | Z9: =AVERAGE(F9:H9) -> 3 | AA9: =AVERAGE(I9:K9) -> 4.6666667 | AB9: =AVERAGE(L9:O9) -> 2.25
A10: Prefer not to say | B10: 18-25 | C10: IT/Technology | D10: Doctor | E10: 1-3 years | F10: 4 | G10: 5 | H10: 4 | I10: 4 | J10: 3 | K10: 5 | L10: 5 | M10: 3 | N10: 5 | O10: 4 | P10: 3 | Q10: 4 | R10: 2 | S10: 4 | T10: 5 | U10: 4 | V10: 4 | W10: 3 | X10: 5 | Y10: 3 | Z10: =AVERAGE(F10:H10) -> 4.3333333 | AA10: =AVERAGE(I10:K10) -> 4 | AB10: =AVERAGE(L10:O10) -> 4.25
A11: Prefer not to say | B11: 26-35 | C11: Retail | D11: Researcher | E11: 1-3 years | F11: 5 | G11: 4 | H11: 3 | I11: 3 | J11: 5 | K11: 4 | L11: 4 | M11: 4 | N11: 2 | O11: 4 | P11: 2 | Q11: 3 | R11: 5 | S11: 5 | T11: 4 | U11: 4 | V11: 4 | W11: 4 | X11: 4 | Y11: 5 | Z11: =AVERAGE(F11:H11) -> 4 | AA11: =AVERAGE(I11:K11) -> 4 | AB11: =AVERAGE(L11:O11) -> 3.5
A12: Prefer not to say | B12: 36-45 | C12: Pharma | D12: Doctor | E12: 5-10 years | F12: 5 | G12: 4 | H12: 5 | I12: 4 | J12: 5 | K12: 1 | L12: 4 | M12: 5 | N12: 4 | O12: 5 | P12: 4 | Q12: 1 | R12: 1 | S12: 3 | T12: 5 | U12: 5 | V12: 4 | W12: 5 | X12: 4 | Y12: 3 | Z12: =AVERAGE(F12:H12) -> 4.6666667 | AA12: =AVERAGE(I12:K12) -> 3.3333333 | AB12: =AVERAGE(L12:O12) -> 4.5
A13: Male | B13: 26-35 | C13: Healthcare | D13: Doctor | E13: 10+ years | F13: 3 | G13: 4 | H13: 2 | I13: 5 | J13: 3 | K13: 5 | L13: 2 | M13: 4 | N13: 1 | O13: 4 | P13: 4 | Q13: 4 | R13: 2 | S13: 4 | T13: 1 | U13: 5 | V13: 4 | W13: 4 | X13: 4 | Y13: 1 | Z13: =AVERAGE(F13:H13) -> 3 | AA13: =AVERAGE(I13:K13) -> 4.3333333 | AB13: =AVERAGE(L13:O13) -> 2.75
... A151: Prefer not to say | B151: 46-55 | C151: Pharma | D151: Nurse | E151: 3-5 years | F151: 4 | G151: 5 | H151: 5 | I151: 3 | J151: 5 | K151: 4 | L151: 3 | M151: 5 | N151: 2 | O151: 4 | P151: 3 | Q151: 1 | R151: 4 | S151: 4 | T151: 4 | U151: 4 | V151: 3 | W151: 1 | X151: 5 | Y151: 5 | Z151: =AVERAGE(F151:H151) -> 4.6666667 | AA151: =AVERAGE(I151:K151) -> 4 | AB151: =AVERAGE(L151:O151) -> 3.5

Sheet Regression
B3: SUMMARY OUTPUT
B5: Regression Statistics
B6: Multiple R | C6: 0.95307566
B7: R Square | C7: 0.90340303
B8: Adjusted R Square | C8: 0.89510013
B9: Standard Error | C9: 142.62822
B10: Observations | C10: 150
B12: ANOVA
C13: df | D13: SS | E13: MS | F13: F | G13: Significance F
B14: Regression | C14: 1 | D14: 45.821115 | E14: 45.820511 | F14: 142.62822 | G14: 1e-08
B15: Residual | C15: 148 | D15: 47.567157 | E15: 0.32172684
B16: Total | C16: 149 | D16: 93.382083
C18: Coefficients | D18: Standard Error | E18: t Stat | F18: P-value | G18: Lower 95% | H18: Upper 95% | I18: Lower 95.0% | J18: Upper 95.0%
B19: Intercept | C19: 1.8219609 | D19: 0.24518379 | E19: 7.5891985 | F19: 0 | G19: 3.0588803 | H19: 4.2650414 | I19: 3.0588803 | J19: 4.2650414
B20: Technology | C20: 0.7195241 | D20: 0.006992501 | E20: 11.94428 | F20: 0 | G20: 0.58746571 | H20: 0.84741751 | I20: 0.58177466 | J20: 0.84384175

Sheet Analysis
C3: Mean
B4: Q1 | C4: =AVERAGE('Survey Responses'!F2:F151) -> 3.54
B5: Q2 | C5: =AVERAGE('Survey Responses'!G2:G151) -> 3.8533333
B6: Q3 | C6: =AVERAGE('Survey Responses'!H2:H151) -> 3.92 | E6: Overall Observation
B7: Q4 | C7: =AVERAGE('Survey Responses'!I2:I151) -> 3.4066667 | E7: The mean values for all variables range between 3.18 and 3.99, indicating a generally positive perception among respondents toward the use of advanced analytics and technology in healthcare.
B8: Q5 | C8: =AVERAGE('Survey Responses'!J2:J151) -> 3.72
B9: Q6 | C9: =AVERAGE('Survey Responses'!K2:K151) -> 3.9933333
B10: Q7 | C10: =AVERAGE('Survey Responses'!L2:L151) -> 3.5266667
B11: Q8 | C11: =AVERAGEA('Survey Responses'!M2:M151) -> 3.4333333
B12: Q9 | C12: =AVERAGE('Survey Responses'!N2:N151) -> 3.9
B13: Q10 | C13: =AVERAGE('Survey Responses'!O2:O151) -> 3.4933333
B14: Q11 | C14: =AVERAGE('Survey Responses'!P2:P151) -> 3.7
B15: Q12 | C15: =AVERAGE('Survey Responses'!Q2:Q151) -> 3.8
B16: Q13 | C16: =AVERAGE('Survey Responses'!R2:R151) -> 3.1866667
B17: Q14 | C17: =AVERAGE('Survey Responses'!S2:S151) -> 3.5133333
B18: Q15 | C18: =AVERAGE('Survey Responses'!T2:T151) -> 3.48
B19: Q16 | C19: =AVERAGE('Survey Responses'!U2:U151) -> 3.8933333
B20: Q17 | C20: =AVERAGE('Survey Responses'!V2:V151) -> 3.5266667
B21: Q18 | C21: =AVERAGE('Survey Responses'!W2:W151) -> 3.6733333
B22: Q19 | C22: =AVERAGE('Survey Responses'!X2:X151) -> 3.9533333
B23: Q20 | C23: =AVERAGE('Survey Responses'!Y2:Y151) -> 3.9466667

Sheet Coorelation
B1: Q1 | C1: Q2 | D1: Q3 | E1: Q4 | F1: Q5 | G1: Q6 | H1: Q7 | I1: Q8 | J1: Q9 | K1: Q10 | L1: Q11 | M1: Q12 | N1: Q13 | O1: Q14 | P1: Q15 | Q1: Q16 | R1: Q17 | S1: Q18 | T1: Q19 | U1: Q20
A2: Q1 | B2: 1
A3: Q2 | B3: 0.010330365 | C3: 1
A4: Q3 | B4: -0.12968064 | C4: -0.10738937 | D4: 1
A5: Q4 | B5: -0.068400708 | C5: -0.065201669 | D5: 0.087211939 | E5: 1
A6: Q5 | B6: -0.016822463 | C6: -0.17620118 | D6: 0.01736317 | E6: -0.050298336 | F6: 1
A7: Q6 | B7: -0.049293548 | C7: -0.04238993 | D7: -0.027865033 | E7: 0.097493204 | F7: -0.034348875 | G7: 1
A8: Q7 | B8: -0.036946802 | C8: -0.024923488 | D8: 0.085231261 | E8: -0.061153815 | F8: -0.051450871 | G8: -0.14655381 | H8: 1
A9: Q8 | B9: -0.10733511 | C9: -0.096245533 | D9: 0.037492078 | E9: 0.046651651 | F9: -0.076593509 | G9: -0.16025035 | H9: -0.11596992 | I9: 1
A10: Q9 | B10: -0.074580164 | C10: -0.066635832 | D10: 0.089909311 | E10: -0.0092670524 | F10: -0.10677696 | G10: -0.075871942 | H10: 0.054591876 | I10: 0.21483238 | J10: 1
A11: Q10 | B11: 0.00018385666 | C11: 0.092894987 | D11: 0.016962177 | E11: 0.028858075 | F11: 0.19726896 | G11: -0.042206581 | H11: -0.066009082 | I11: -0.00027571431 | J11: -0.15351431 | K11: 1
A12: Q11 | B12: -0.08551576 | C12: -0.07461718 | D12: -0.025192008 | E12: 0.12850339 | F12: -0.030580882 | G12: -0.10863663 | H12: 0.022121514 | I12: 0.1073035 | J12: 0.29780107 | K12: -0.16743512 | L12: 1
A13: Q12 | B13: -0.15036872 | C13: 0.069858557 | D13: -0.068403742 | E13: -0.086234008 | F13: -0.082418298 | G13: -0.022876622 | H13: -0.1929161 | I13: 0.054482079 | J13: 0.03510989 | K13: 0.067888994 | L13: -4.1055455e-17 | M13: 1
A14: Q13 | B14: 0.0093813231 | C14: 0.03102058 | D14: -0.027058571 | E14: 0.052679618 | F14: -0.00074947885 | G14: -0.025927077 | H14: 0.042327237 | I14: -0.07243718 | J14: 0.013888472 | K14: -0.16917486 | L14: -0.10540781 | M14: -0.0018659033 | N14: 1
A15: Q14 | B15: -0.087584052 | C15: 0.092776604 | D15: 0.094552458 | E15: 0.039340403 | F15: 0.1148597 | G15: -0.099418258 | H15: 0.038128732 | I15: 0.096975224 | J15: -0.036150909 | K15: -0.10176 | L15: 0.054229803 | M15: -0.10991098 | N15: 0.099605576 | O15: 1
A16: Q15 | B16: 0.047850345 | C16: 0.10377501 | D16: 0.087956437 | E16: 0.0073928601 | F16: 0.085041952 | G16: 0.099424836 | H16: -0.13081692 | I16: -0.09444712 | J16: -0.083659402 | K16: 0.042195573 | L16: -0.047900815 | M16: 0.068068813 | N16: -0.028149995 | O16: 0.065635715 | P16: 1
A17: Q16 | B17: 0.072141809 | C17: 0.048424229 | D17: -0.20077486 | E17: 0.069461456 | F17: -0.020723214 | G17: 0.041986316 | H17: 0.08319164 | I17: -0.15104515 | J17: 0.095024999 | K17: 0.15900464 | L17: -0.025491634 | M17: -0.093050823 | N17: 0.018161168 | O17: -0.16276275 | P17: -0.031596811 | Q17: 1
A18: Q17 | B18: 0.071455426 | C18: -0.047749514 | D18: 0.076556548 | E18: -0.0096330755 | F18: -0.022826485 | G18: -0.14239543 | H18: 0.032741434 | I18: -0.023463654 | J18: 0.10351959 | K18: -0.088992737 | L18: -0.039203009 | M18: 0.0083845829 | N18: -0.012652604 | O18: -0.062333283 | P18: -0.078218644 | Q18: -0.11178351 | R18: 1
A19: Q18 | B19: -0.069821142 | C19: -0.084969912 | D19: -0.0044661391 | E19: 0.10747035 | F19: -0.21647275 | G19: -0.035216372 | H19: -0.048722053 | I19: 0.1634757 | J19: 0.00051257625 | K19: 0.10175549 | L19: 0.01833972 | M19: 0.13111733 | N19: 0.019767662 | O19: -0.065902417 | P19: -0.0066852279 | Q19: 0.041300996 | R19: -0.010440965 | S19: 1
A20: Q19 | B20: 0.13998244 | C20: 0.045624232 | D20: -0.057842853 | E20: 0.040001323 | F20: -0.0057918869 | G20: 0.062115761 | H20: 0.044168195 | I20: -0.028721815 | J20: -0.093912459 | K20: -0.024883407 | L20: 0.089354387 | M20: -0.12256564 | N20: 0.13253734 | O20: 0.11029625 | P20: -0.031752725 | Q20: 0.066027443 | R20: -0.013725293 | S20: 0.17015879 | T20: 1
A21: Q20 | B21: 0.050260659 | C21: -0.030606077 | D21: 0.079592902 | E21: -0.069713454 | F21: -0.037671148 | G21: -0.000280381 | H21: 0.0060731345 | I21: -0.12065309 | J21: 0.020332368 | K21: -0.020956921 | L21: -0.0020995149 | M21: 0.0018210899 | N21: -0.024792777 | O21: -0.053461347 | P21: 0.21689036 | Q21: -0.012686114 | R21: -0.084462889 | S21: -0.026116758 | T21: -0.07755066 | U21: 1
A24: Observation
B26: The correlation analysis was conducted to examine the relationship between variables related to technology adoption, early diagnosis, and business performance in healthcare.
B28: The results indicate that most of the correlation values are positive but relatively low, suggesting weak relationships between the variables.
B30: This implies that while advanced technologies and early diagnosis contribute to healthcare performance, their impact is not strongly linear and may be influenced by multiple external factors.
B32: Some moderate relationships were observed among selected variables, indicating that certain aspects of technology and diagnosis have a noticeable influence on business performance.
B34: Overall, the findings suggest that although advanced analytics plays a role in improving healthcare outcomes, its impact on business performance is multifaceted and not solely dependent on a single factor.
A37: Interpretation
B39: The relatively low correlation values may indicate the presence of other influencing factors such as organizational structure, resource availability, and user acceptance, which were not directly captured in this study.

Sheet Questions
A1: Survey Questions Reference
B3: Question | C3: Category
A4: Q1 | B4: AI-driven analytics is being increasingly adopted in healthcare organizations. | C4: AI Adoption
A5: Q2 | B5: Technological tools have improved the efficiency of healthcare operations. | C5: Technology Efficiency
A6: Q3 | B6: Early identification of diseases plays a crucial role in improving patient outcomes. | C6: Patient Outcomes
A7: Q4 | B7: Modern analytical tools help in detecting diseases at an earlier stage. | C7: Disease Detection
A8: Q5 | B8: Early diagnosis reduces the cost and complexity of treatment. | C8: Cost & Treatment
A9: Q6 | B9: Accurate diagnosis is essential for improving the quality of healthcare services. | C9: Diagnosis Quality
A10: Q7 | B10: Use of advanced technologies improves overall operational efficiency in healthcare. | C10: Operational Efficiency
A11: Q8 | B11: Technology-driven insights support better decision-making in healthcare organizations. | C11: Decision Making
A12: Q9 | B12: Efficient use of resources is important for improving business performance in healthcare. | C12: Resource Management
A13: Q10 | B13: Adoption of advanced analytics contributes to better overall performance of healthcare organizations. | C13: Organizational Performance
A14: Q11 | B14: AI-powered predictive analytics helps in reducing hospital readmission rates. | C14: Predictive Analytics
A15: Q12 | B15: Real-time data monitoring through AI improves patient safety in clinical settings. | C15: Patient Safety
... A23: Q20 | B23: The adoption of AI analytics in healthcare will continue to grow significantly in the next 5 years. | C23: Future Outlook

Sheet Summary
A1: AI-Driven Analytics and Its Impact on Business Performance — Response Summary (150 Respondents)
A3: # | B3: Question | C3: Strongly Disagree | D3: Disagree | E3: Neutral | F3: Agree | G3: Strongly Agree | H3: Total
A4: Q1 | B4: AI-driven analytics is being increasingly adopted in healthcare organizations. | C4: =COUNTIF('Survey Responses'!F2:F151,"Strongly Disagree") -> 0 | D4: =COUNTIF('Survey Responses'!F2:F151,"Disagree") -> 0 | E4: =COUNTIF('Survey Responses'!F2:F151,"Neutral") -> 0 | F4: =COUNTIF('Survey Responses'!F2:F151,"Agree") -> 0 | G4: =COUNTIF('Survey Responses'!F2:F151,"Strongly Agree") -> 0 | H4: =SUM(C4:G4) -> 0
A5: Q2 | B5: Technological tools have improved the efficiency of healthcare operations. | C5: =COUNTIF('Survey Responses'!G2:G151,"Strongly Disagree") -> 0 | D5: =COUNTIF('Survey Responses'!G2:G151,"Disagree") -> 0 | E5: =COUNTIF('Survey Responses'!G2:G151,"Neutral") -> 0 | F5: =COUNTIF('Survey Responses'!G2:G151,"Agree") -> 0 | G5: =COUNTIF('Survey Responses'!G2:G151,"Strongly Agree") -> 0 | H5: =SUM(C5:G5) -> 0
A6: Q3 | B6: Early identification of diseases plays a crucial role in improving patient outcomes. | C6: =COUNTIF('Survey Responses'!H2:H151,"Strongly Disagree") -> 0 | D6: =COUNTIF('Survey Responses'!H2:H151,"Disagree") -> 0 | E6: =COUNTIF('Survey Responses'!H2:H151,"Neutral") -> 0 | F6: =COUNTIF('Survey Responses'!H2:H151,"Agree") -> 0 | G6: =COUNTIF('Survey Responses'!H2:H151,"Strongly Agree") -> 0 | H6: =SUM(C6:G6) -> 0
A7: Q4 | B7: Modern analytical tools help in detecting diseases at an earlier stage. | C7: =COUNTIF('Survey Responses'!I2:I151,"Strongly Disagree") -> 0 | D7: =COUNTIF('Survey Responses'!I2:I151,"Disagree") -> 0 | E7: =COUNTIF('Survey Responses'!I2:I151,"Neutral") -> 0 | F7: =COUNTIF('Survey Responses'!I2:I151,"Agree") -> 0 | G7: =COUNTIF('Survey Responses'!I2:I151,"Strongly Agree") -> 0 | H7: =SUM(C7:G7) -> 0
A8: Q5 | B8: Early diagnosis reduces the cost and complexity of treatment. | C8: =COUNTIF('Survey Responses'!J2:J151,"Strongly Disagree") -> 0 | D8: =COUNTIF('Survey Responses'!J2:J151,"Disagree") -> 0 | E8: =COUNTIF('Survey Responses'!J2:J151,"Neutral") -> 0 | F8: =COUNTIF('Survey Responses'!J2:J151,"Agree") -> 0 | G8: =COUNTIF('Survey Responses'!J2:J151,"Strongly Agree") -> 0 | H8: =SUM(C8:G8) -> 0
A9: Q6 | B9: Accurate diagnosis is essential for improving the quality of healthcare services. | C9: =COUNTIF('Survey Responses'!K2:K151,"Strongly Disagree") -> 0 | D9: =COUNTIF('Survey Responses'!K2:K151,"Disagree") -> 0 | E9: =COUNTIF('Survey Responses'!K2:K151,"Neutral") -> 0 | F9: =COUNTIF('Survey Responses'!K2:K151,"Agree") -> 0 | G9: =COUNTIF('Survey Responses'!K2:K151,"Strongly Agree") -> 0 | H9: =SUM(C9:G9) -> 0
A10: Q7 | B10: Use of advanced technologies improves overall operational efficiency in healthcare. | C10: =COUNTIF('Survey Responses'!L2:L151,"Strongly Disagree") -> 0 | D10: =COUNTIF('Survey Responses'!L2:L151,"Disagree") -> 0 | E10: =COUNTIF('Survey Responses'!L2:L151,"Neutral") -> 0 | F10: =COUNTIF('Survey Responses'!L2:L151,"Agree") -> 0 | G10: =COUNTIF('Survey Responses'!L2:L151,"Strongly Agree") -> 0 | H10: =SUM(C10:G10) -> 0
A11: Q8 | B11: Technology-driven insights support better decision-making in healthcare organizations. | C11: =COUNTIF('Survey Responses'!M2:M151,"Strongly Disagree") -> 0 | D11: =COUNTIF('Survey Responses'!M2:M151,"Disagree") -> 0 | E11: =COUNTIF('Survey Responses'!M2:M151,"Neutral") -> 0 | F11: =COUNTIF('Survey Responses'!M2:M151,"Agree") -> 0 | G11: =COUNTIF('Survey Responses'!M2:M151,"Strongly Agree") -> 0 | H11: =SUM(C11:G11) -> 0
A12: Q9 | B12: Efficient use of resources is important for improving business performance in healthcare. | C12: =COUNTIF('Survey Responses'!N2:N151,"Strongly Disagree") -> 0 | D12: =COUNTIF('Survey Responses'!N2:N151,"Disagree") -> 0 | E12: =COUNTIF('Survey Responses'!N2:N151,"Neutral") -> 0 | F12: =COUNTIF('Survey Responses'!N2:N151,"Agree") -> 0 | G12: =COUNTIF('Survey Responses'!N2:N151,"Strongly Agree") -> 0 | H12: =SUM(C12:G12) -> 0
A13: Q10 | B13: Adoption of advanced analytics contributes to better overall performance of healthcare organizations. | C13: =COUNTIF('Survey Responses'!O2:O151,"Strongly Disagree") -> 0 | D13: =COUNTIF('Survey Responses'!O2:O151,"Disagree") -> 0 | E13: =COUNTIF('Survey Responses'!O2:O151,"Neutral") -> 0 | F13: =COUNTIF('Survey Responses'!O2:O151,"Agree") -> 0 | G13: =COUNTIF('Survey Responses'!O2:O151,"Strongly Agree") -> 0 | H13: =SUM(C13:G13) -> 0
A14: Q11 | B14: AI-powered predictive analytics helps in reducing hospital readmission rates. | C14: =COUNTIF('Survey Responses'!P2:P151,"Strongly Disagree") -> 0 | D14: =COUNTIF('Survey Responses'!P2:P151,"Disagree") -> 0 | E14: =COUNTIF('Survey Responses'!P2:P151,"Neutral") -> 0 | F14: =COUNTIF('Survey Responses'!P2:P151,"Agree") -> 0 | G14: =COUNTIF('Survey Responses'!P2:P151,"Strongly Agree") -> 0 | H14: =SUM(C14:G14) -> 0
A15: Q12 | B15: Real-time data monitoring through AI improves patient safety in clinical settings. | C15: =COUNTIF('Survey Responses'!Q2:Q151,"Strongly Disagree") -> 0 | D15: =COUNTIF('Survey Responses'!Q2:Q151,"Disagree") -> 0 | E15: =COUNTIF('Survey Responses'!Q2:Q151,"Neutral") -> 0 | F15: =COUNTIF('Survey Responses'!Q2:Q151,"Agree") -> 0 | G15: =COUNTIF('Survey Responses'!Q2:Q151,"Strongly Agree") -> 0 | H15: =SUM(C15:G15) -> 0
A16: Q13 | B16: Healthcare professionals are adequately trained to use AI-based analytical tools. | C16: =COUNTIF('Survey Responses'!R2:R151,"Strongly Disagree") -> 0 | D16: =COUNTIF('Survey Responses'!R2:R151,"Disagree") -> 0 | E16: =COUNTIF('Survey Responses'!R2:R151,"Neutral") -> 0 | F16: =COUNTIF('Survey Responses'!R2:R151,"Agree") -> 0 | G16: =COUNTIF('Survey Responses'!R2:R151,"Strongly Agree") -> 0 | H16: =SUM(C16:G16) -> 0
A17: Q14 | B17: AI-driven analytics helps in personalizing treatment plans for individual patients. | C17: =COUNTIF('Survey Responses'!S2:S151,"Strongly Disagree") -> 0 | D17: =COUNTIF('Survey Responses'!S2:S151,"Disagree") -> 0 | E17: =COUNTIF('Survey Responses'!S2:S151,"Neutral") -> 0 | F17: =COUNTIF('Survey Responses'!S2:S151,"Agree") -> 0 | G17: =COUNTIF('Survey Responses'!S2:S151,"Strongly Agree") -> 0 | H17: =SUM(C17:G17) -> 0
A18: Q15 | B18: Integration of AI analytics with existing healthcare systems is a complex process. | C18: =COUNTIF('Survey Responses'!T2:T151,"Strongly Disagree") -> 0 | D18: =COUNTIF('Survey Responses'!T2:T151,"Disagree") -> 0 | E18: =COUNTIF('Survey Responses'!T2:T151,"Neutral") -> 0 | F18: =COUNTIF('Survey Responses'!T2:T151,"Agree") -> 0 | G18: =COUNTIF('Survey Responses'!T2:T151,"Strongly Agree") -> 0 | H18: =SUM(C18:G18) -> 0
A19: Q16 | B19: Data security and patient privacy are major concerns in AI-driven healthcare analytics. | C19: =COUNTIF('Survey Responses'!U2:U151,"Strongly Disagree") -> 0 | D19: =COUNTIF('Survey Responses'!U2:U151,"Disagree") -> 0 | E19: =COUNTIF('Survey Responses'!U2:U151,"Neutral") -> 0 | F19: =COUNTIF('Survey Responses'!U2:U151,"Agree") -> 0 | G19: =COUNTIF('Survey Responses'!U2:U151,"Strongly Agree") -> 0 | H19: =SUM(C19:G19) -> 0
A20: Q17 | B20: AI analytics reduces the administrative burden on healthcare staff. | C20: =COUNTIF('Survey Responses'!V2:V151,"Strongly Disagree") -> 0 | D20: =COUNTIF('Survey Responses'!V2:V151,"Disagree") -> 0 | E20: =COUNTIF('Survey Responses'!V2:V151,"Neutral") -> 0 | F20: =COUNTIF('Survey Responses'!V2:V151,"Agree") -> 0 | G20: =COUNTIF('Survey Responses'!V2:V151,"Strongly Agree") -> 0 | H20: =SUM(C20:G20) -> 0
A21: Q18 | B21: Investment in AI-driven analytics leads to long-term financial benefits for healthcare organizations. | C21: =COUNTIF('Survey Responses'!W2:W151,"Strongly Disagree") -> 0 | D21: =COUNTIF('Survey Responses'!W2:W151,"Disagree") -> 0 | E21: =COUNTIF('Survey Responses'!W2:W151,"Neutral") -> 0 | F21: =COUNTIF('Survey Responses'!W2:W151,"Agree") -> 0 | G21: =COUNTIF('Survey Responses'!W2:W151,"Strongly Agree") -> 0 | H21: =SUM(C21:G21) -> 0
A22: Q19 | B22: AI-based tools improve the accuracy of medical imaging and diagnostic procedures. | C22: =COUNTIF('Survey Responses'!X2:X151,"Strongly Disagree") -> 0 | D22: =COUNTIF('Survey Responses'!X2:X151,"Disagree") -> 0 | E22: =COUNTIF('Survey Responses'!X2:X151,"Neutral") -> 0 | F22: =COUNTIF('Survey Responses'!X2:X151,"Agree") -> 0 | G22: =COUNTIF('Survey Responses'!X2:X151,"Strongly Agree") -> 0 | H22: =SUM(C22:G22) -> 0
A23: Q20 | B23: The adoption of AI analytics in healthcare will continue to grow significantly in the next 5 years. | C23: =COUNTIF('Survey Responses'!Y2:Y151,"Strongly Disagree") -> 0 | D23: =COUNTIF('Survey Responses'!Y2:Y151,"Disagree") -> 0 | E23: =COUNTIF('Survey Responses'!Y2:Y151,"Neutral") -> 0 | F23: =COUNTIF('Survey Responses'!Y2:Y151,"Agree") -> 0 | G23: =COUNTIF('Survey Responses'!Y2:Y151,"Strongly Agree") -> 0 | H23: =SUM(C23:G23) -> 0
